timestamp,predicted_aqi,category,emoji,hours_ahead,date
2026-10-10 06:00:00+00:00,98.7,Moderate,🟡,6,2026-10-10
2026-10-10 12:00:00+00:00,94.9,Moderate,🟡,12,2026-10-10
2026-10-10 18:00:00+00:00,92.2,Moderate,🟡,18,2026-10-10
2026-10-11 00:00:00+00:00,93.6,Moderate,🟡,24,2026-10-11
2026-10-11 06:00:00+00:00,92.4,Moderate,🟡,30,2026-10-11
2026-10-11 12:00:00+00:00,92.5,Moderate,🟡,36,2026-10-11
2026-10-11 18:00:00+00:00,92.6,Moderate,🟡,42,2026-10-11
2026-10-12 00:00:00+00:00,94.1,Moderate,🟡,48,2026-10-12
2026-10-12 06:00:00+00:00,93.0,Moderate,🟡,54,2026-10-12
2026-10-12 12:00:00+00:00,93.3,Moderate,🟡,60,2026-10-12
2026-10-12 18:00:00+00:00,93.3,Moderate,🟡,66,2026-10-12
2026-10-13 00:00:00+00:00,93.9,Moderate,🟡,72,2026-10-13
